{"cameraMode":{"drawMode":0,"name":"Shaded","section":"Shading Mode"},"sceneLighting":false,"audioPlay":false,"sceneViewState":{"showFog":false,"showMaterialUpdate":false,"showSkybox":false,"showFlares":false,"showImageEffects":false,"showParticleSystems":false},"in2DMode":false,"pivot":{"x":12.62539291381836,"y":7.965662002563477,"z":5.984574317932129},"rotation":{"x":0.030597463250160219,"y":-0.9332645535469055,"z":0.3484218120574951,"w":0.08197134733200073},"size":3.04641056060791,"orthographic":false}