{"cameraMode":{"drawMode":0,"name":"Shaded","section":"Shading Mode"},"sceneLighting":false,"audioPlay":false,"sceneViewState":{"showFog":false,"showMaterialUpdate":false,"showSkybox":false,"showFlares":false,"showImageEffects":false,"showParticleSystems":false},"in2DMode":false,"pivot":{"x":8.284444808959961,"y":1.2590426206588746,"z":3.2348971366882326},"rotation":{"x":0.14362241327762605,"y":0.6660842895507813,"z":-0.13448423147201539,"w":0.7197827100753784},"size":0.8660253882408142,"orthographic":false}