{"cameraMode":{"drawMode":0,"name":"Shaded","section":"Shading Mode"},"sceneLighting":false,"audioPlay":false,"sceneViewState":{"showFog":false,"showMaterialUpdate":false,"showSkybox":false,"showFlares":false,"showImageEffects":false,"showParticleSystems":false},"in2DMode":false,"pivot":{"x":0.4002666473388672,"y":-0.3532395362854004,"z":-0.3536405563354492},"rotation":{"x":0.2899357080459595,"y":0.2893770933151245,"z":-0.09255585074424744,"w":0.9076213240623474},"size":9.302492141723633,"orthographic":false}