{"cameraMode":{"drawMode":0,"name":"Shaded","section":"Shading Mode"},"sceneLighting":false,"audioPlay":false,"sceneViewState":{"showFog":false,"showMaterialUpdate":false,"showSkybox":false,"showFlares":false,"showImageEffects":false,"showParticleSystems":false},"in2DMode":false,"pivot":{"x":3.231992244720459,"y":-2.4147253036499025,"z":6.605160236358643},"rotation":{"x":0.23673830926418305,"y":0.232236847281456,"z":-0.05838537961244583,"w":0.9416164755821228},"size":6.139387130737305,"orthographic":false}