{"cameraMode":{"drawMode":0,"name":"Shaded","section":"Shading Mode"},"sceneLighting":false,"audioPlay":false,"sceneViewState":{"showFog":false,"showMaterialUpdate":false,"showSkybox":false,"showFlares":false,"showImageEffects":false,"showParticleSystems":false},"in2DMode":false,"pivot":{"x":0.0,"y":0.8325555324554443,"z":-0.06185629963874817},"rotation":{"x":-0.0007066541584208608,"y":0.9992518424987793,"z":-0.031796835362911227,"w":-0.022185616195201875},"size":1.3317556381225587,"orthographic":false}