{"cameraMode":{"drawMode":0,"name":"Shaded","section":"Shading Mode"},"sceneLighting":false,"audioPlay":false,"sceneViewState":{"showFog":false,"showMaterialUpdate":false,"showSkybox":false,"showFlares":false,"showImageEffects":false,"showParticleSystems":false},"in2DMode":false,"pivot":{"x":4.125701427459717,"y":2.534811019897461,"z":-2.903693675994873},"rotation":{"x":0.005782234016805887,"y":0.994102954864502,"z":-0.07171706110239029,"w":0.08316928148269654},"size":6.515531539916992,"orthographic":false}