{"cameraMode":{"drawMode":0,"name":"Shaded","section":"Shading Mode"},"sceneLighting":false,"audioPlay":false,"sceneViewState":{"showFog":false,"showMaterialUpdate":false,"showSkybox":false,"showFlares":false,"showImageEffects":false,"showParticleSystems":false},"in2DMode":false,"pivot":{"x":1.5731472969055176,"y":3.9821434020996095,"z":0.6189792156219482},"rotation":{"x":-0.17652232944965363,"y":0.824805498123169,"z":-0.3757484257221222,"w":-0.3845919072628021},"size":6.440855026245117,"orthographic":false}