{"cameraMode":{"drawMode":0,"name":"Shaded","section":"Shading Mode"},"sceneLighting":false,"audioPlay":false,"sceneViewState":{"showFog":false,"showMaterialUpdate":false,"showSkybox":false,"showFlares":false,"showImageEffects":false,"showParticleSystems":false},"in2DMode":false,"pivot":{"x":-2.754924774169922,"y":-0.01109933853149414,"z":-1.3961586952209473},"rotation":{"x":0.06718538701534271,"y":-0.844376802444458,"z":0.1068066731095314,"w":0.5212579369544983},"size":6.524331092834473,"orthographic":false}