{"cameraMode":{"drawMode":0,"name":"Shaded","section":"Shading Mode"},"sceneLighting":false,"audioPlay":false,"sceneViewState":{"showFog":false,"showMaterialUpdate":false,"showSkybox":false,"showFlares":false,"showImageEffects":false,"showParticleSystems":false},"in2DMode":false,"pivot":{"x":-0.6688327789306641,"y":1.9147262573242188,"z":8.814336776733399},"rotation":{"x":0.42447271943092348,"y":0.24043358862400056,"z":-0.1181224063038826,"w":0.8649892807006836},"size":49.816383361816409,"orthographic":false}