{"cameraMode":{"drawMode":0,"name":"Shaded","section":"Shading Mode"},"sceneLighting":false,"audioPlay":false,"sceneViewState":{"showFog":false,"showMaterialUpdate":false,"showSkybox":false,"showFlares":false,"showImageEffects":false,"showParticleSystems":false},"in2DMode":false,"pivot":{"x":6.990295886993408,"y":-7.812107086181641,"z":2.4560585021972658},"rotation":{"x":-0.012161788530647755,"y":-0.8872460722923279,"z":0.4605697691440582,"w":-0.023421866819262506},"size":11.921252250671387,"orthographic":false}