{"cameraMode":{"drawMode":0,"name":"Shaded","section":"Shading Mode"},"sceneLighting":false,"audioPlay":false,"sceneViewState":{"showFog":false,"showMaterialUpdate":false,"showSkybox":false,"showFlares":false,"showImageEffects":false,"showParticleSystems":false},"in2DMode":false,"pivot":{"x":15.414154052734375,"y":-23.526884078979493,"z":14.356243133544922},"rotation":{"x":0.2852838635444641,"y":0.2517257332801819,"z":-0.07803752273321152,"w":0.9215760827064514},"size":33.49104309082031,"orthographic":false}